date,year,rocket_name,launchpad_name,success,flight_number
2006-03-24 22:30,2006,Falcon 1,Kwajalein Atoll,0,1
2007-03-21 01:10,2007,Falcon 1,Kwajalein Atoll,0,2
2008-08-03 03:34,2008,Falcon 1,Kwajalein Atoll,0,3
2008-09-28 23:15,2008,Falcon 1,Kwajalein Atoll,1,4
2009-07-13 03:35,2009,Falcon 1,Kwajalein Atoll,1,5
2010-06-04 18:45,2010,Falcon 9,Space Launch Complex 40,1,6
2010-12-08 15:43,2010,Falcon 9,Space Launch Complex 40,1,7
2012-05-22 07:44,2012,Falcon 9,Space Launch Complex 40,1,8
2012-10-08 00:35,2012,Falcon 9,Space Launch Complex 40,1,9
2013-03-01 19:10,2013,Falcon 9,Space Launch Complex 40,1,10
2013-09-29 16:00,2013,Falcon 9,Space Launch Complex 4E,1,11
2013-12-03 22:41,2013,Falcon 9,Space Launch Complex 40,1,12
2014-01-06 18:06,2014,Falcon 9,Space Launch Complex 40,1,13
2014-04-18 19:25,2014,Falcon 9,Space Launch Complex 40,1,14
2014-07-14 15:15,2014,Falcon 9,Space Launch Complex 40,1,15
2014-08-05 08:00,2014,Falcon 9,Space Launch Complex 40,1,16
2014-09-07 05:00,2014,Falcon 9,Space Launch Complex 40,1,17
2014-09-21 05:52,2014,Falcon 9,Space Launch Complex 40,1,18
2015-01-10 09:47,2015,Falcon 9,Space Launch Complex 40,1,19
2015-02-11 23:03,2015,Falcon 9,Space Launch Complex 40,1,20
2015-03-02 03:50,2015,Falcon 9,Space Launch Complex 40,1,21
2015-04-14 20:10,2015,Falcon 9,Space Launch Complex 40,1,22
2015-04-27 23:03,2015,Falcon 9,Space Launch Complex 40,1,23
2015-06-28 14:21,2015,Falcon 9,Space Launch Complex 40,0,24
2015-12-22 01:29,2015,Falcon 9,Space Launch Complex 40,1,25
2016-01-17 15:42,2016,Falcon 9,Space Launch Complex 4E,1,26
2016-03-04 23:35,2016,Falcon 9,Space Launch Complex 40,1,27
2016-04-08 20:43,2016,Falcon 9,Space Launch Complex 40,1,28
2016-05-06 05:21,2016,Falcon 9,Space Launch Complex 40,1,29
2016-05-27 21:39,2016,Falcon 9,Space Launch Complex 40,1,30
2016-06-15 14:29,2016,Falcon 9,Space Launch Complex 40,1,31
2016-07-18 04:45,2016,Falcon 9,Space Launch Complex 40,1,32
2016-08-14 05:26,2016,Falcon 9,Space Launch Complex 40,1,33
2016-09-01 13:07,2016,Falcon 9,Space Launch Complex 40,0,34
2017-01-14 17:54,2017,Falcon 9,Space Launch Complex 4E,1,35
2017-02-19 14:39,2017,Falcon 9,Launch Complex 39A,1,36
2017-03-16 06:00,2017,Falcon 9,Launch Complex 39A,1,37
2017-03-30 22:27,2017,Falcon 9,Launch Complex 39A,1,38
2017-05-01 11:15,2017,Falcon 9,Launch Complex 39A,1,39
2017-05-15 23:21,2017,Falcon 9,Launch Complex 39A,1,40
2017-06-03 21:07,2017,Falcon 9,Launch Complex 39A,1,41
2017-06-23 19:10,2017,Falcon 9,Launch Complex 39A,1,42
2017-06-25 20:25,2017,Falcon 9,Space Launch Complex 4E,1,43
2017-07-05 23:35,2017,Falcon 9,Launch Complex 39A,1,44
2017-08-14 16:31,2017,Falcon 9,Launch Complex 39A,1,45
2017-08-24 18:50,2017,Falcon 9,Space Launch Complex 4E,1,46
2017-09-07 13:50,2017,Falcon 9,Launch Complex 39A,1,47
2017-10-09 12:37,2017,Falcon 9,Space Launch Complex 4E,1,48
2017-10-11 22:53,2017,Falcon 9,Launch Complex 39A,1,49
2017-10-30 19:34,2017,Falcon 9,Launch Complex 39A,1,50
2017-12-15 15:36,2017,Falcon 9,Space Launch Complex 40,1,51
2017-12-23 01:27,2017,Falcon 9,Space Launch Complex 4E,1,52
2018-01-08 01:00,2018,Falcon 9,Space Launch Complex 40,1,53
2018-01-31 21:25,2018,Falcon 9,Space Launch Complex 40,1,54
2018-02-06 20:45,2018,Falcon Heavy,Launch Complex 39A,1,55
2018-02-22 14:17,2018,Falcon 9,Space Launch Complex 4E,1,56
2018-03-06 05:33,2018,Falcon 9,Space Launch Complex 40,1,57
2018-03-30 14:13,2018,Falcon 9,Space Launch Complex 4E,1,58
2018-04-02 20:30,2018,Falcon 9,Space Launch Complex 40,1,59
2018-04-18 22:51,2018,Falcon 9,Space Launch Complex 40,1,60
2018-05-11 20:14,2018,Falcon 9,Launch Complex 39A,1,61
2018-05-22 19:47,2018,Falcon 9,Space Launch Complex 4E,1,62
2018-06-04 04:45,2018,Falcon 9,Space Launch Complex 40,1,63
2018-06-29 09:42,2018,Falcon 9,Space Launch Complex 40,1,64
2018-07-22 05:50,2018,Falcon 9,Space Launch Complex 40,1,65
2018-07-25 11:39,2018,Falcon 9,Space Launch Complex 4E,1,66
2018-08-07 05:18,2018,Falcon 9,Space Launch Complex 40,1,67
2018-09-10 04:45,2018,Falcon 9,Space Launch Complex 40,1,68
2018-10-08 02:22,2018,Falcon 9,Space Launch Complex 4E,1,69
2018-11-15 20:46,2018,Falcon 9,Launch Complex 39A,1,70
2018-12-03 18:34,2018,Falcon 9,Space Launch Complex 4E,1,71
2018-12-05 18:16,2018,Falcon 9,Space Launch Complex 40,1,72
2018-12-23 13:51,2018,Falcon 9,Space Launch Complex 40,1,73
2019-01-11 15:31,2019,Falcon 9,Space Launch Complex 4E,1,74
2019-02-22 01:45,2019,Falcon 9,Space Launch Complex 40,1,75
2019-03-02 07:45,2019,Falcon 9,Launch Complex 39A,1,76
2019-04-11 22:35,2019,Falcon Heavy,Launch Complex 39A,1,77
2019-05-04 06:48,2019,Falcon 9,Space Launch Complex 40,1,78
2019-05-24 02:30,2019,Falcon 9,Space Launch Complex 40,1,79
2019-06-12 14:17,2019,Falcon 9,Space Launch Complex 4E,1,80
2019-06-25 03:30,2019,Falcon Heavy,Launch Complex 39A,1,81
2019-07-25 22:01,2019,Falcon 9,Space Launch Complex 40,1,82
2019-08-06 22:52,2019,Falcon 9,Space Launch Complex 40,1,83
2019-11-11 14:56,2019,Falcon 9,Space Launch Complex 40,1,84
2019-12-05 17:29,2019,Falcon 9,Space Launch Complex 40,1,85
2019-12-17 00:10,2019,Falcon 9,Space Launch Complex 40,1,86
2020-01-07 02:19,2020,Falcon 9,Space Launch Complex 40,1,87
2020-01-19 14:00,2020,Falcon 9,Launch Complex 39A,1,88
2020-01-29 14:06,2020,Falcon 9,Space Launch Complex 40,1,89
2020-02-17 15:05,2020,Falcon 9,Space Launch Complex 40,1,90
2020-03-07 04:50,2020,Falcon 9,Space Launch Complex 40,1,91
2020-03-18 12:16,2020,Falcon 9,Launch Complex 39A,1,92
2020-04-22 19:30,2020,Falcon 9,Launch Complex 39A,1,93
2020-05-30 19:22,2020,Falcon 9,Launch Complex 39A,1,94
2020-06-04 01:25,2020,Falcon 9,Space Launch Complex 40,1,95
2020-06-13 09:21,2020,Falcon 9,Space Launch Complex 40,1,96
2020-06-30 19:55,2020,Falcon 9,Space Launch Complex 40,1,97
2020-07-20 21:30,2020,Falcon 9,Space Launch Complex 40,1,98
2020-08-07 05:12,2020,Falcon 9,Launch Complex 39A,1,99
2020-08-18 14:31,2020,Falcon 9,Space Launch Complex 40,1,100
2020-08-30 23:18,2020,Falcon 9,Space Launch Complex 40,1,101
2020-09-03 12:46,2020,Falcon 9,Launch Complex 39A,1,102
2020-10-06 11:29,2020,Falcon 9,Launch Complex 39A,1,103
2020-10-18 12:25,2020,Falcon 9,Launch Complex 39A,1,104
2020-10-24 15:31,2020,Falcon 9,Space Launch Complex 40,1,105
2020-11-05 23:24,2020,Falcon 9,Space Launch Complex 40,1,106
2020-11-16 00:27,2020,Falcon 9,Launch Complex 39A,1,107
2020-11-21 17:17,2020,Falcon 9,Space Launch Complex 4E,1,108
2020-11-25 02:13,2020,Falcon 9,Space Launch Complex 40,1,109
2020-12-06 16:17,2020,Falcon 9,Launch Complex 39A,1,110
2020-12-13 17:30,2020,Falcon 9,Space Launch Complex 40,1,111
2020-12-19 14:00,2020,Falcon 9,Launch Complex 39A,1,112
2021-01-08 02:15,2021,Falcon 9,Space Launch Complex 40,1,113
2021-01-20 13:02,2021,Falcon 9,Launch Complex 39A,1,114
2021-01-24 15:00,2021,Falcon 9,Space Launch Complex 40,1,115
2021-02-04 06:19,2021,Falcon 9,Space Launch Complex 40,1,116
2021-02-16 03:59,2021,Falcon 9,Space Launch Complex 40,1,117
2021-03-04 08:24,2021,Falcon 9,Launch Complex 39A,1,118
2021-03-11 08:13,2021,Falcon 9,Space Launch Complex 40,1,119
2021-03-14 10:01,2021,Falcon 9,Launch Complex 39A,1,120
2021-03-24 08:28,2021,Falcon 9,Space Launch Complex 40,1,121
2021-04-07 16:34,2021,Falcon 9,Space Launch Complex 40,1,122
2021-04-23 09:49,2021,Falcon 9,Launch Complex 39A,1,123
2021-04-29 03:44,2021,Falcon 9,Space Launch Complex 40,1,124
2021-05-04 19:01,2021,Falcon 9,Launch Complex 39A,1,125
2021-05-09 06:42,2021,Falcon 9,Space Launch Complex 40,1,126
2021-05-15 22:54,2021,Falcon 9,Launch Complex 39A,1,127
2021-05-26 18:59,2021,Falcon 9,Space Launch Complex 40,1,128
2021-06-03 17:29,2021,Falcon 9,Launch Complex 39A,1,129
2021-06-06 04:26,2021,Falcon 9,Space Launch Complex 40,1,130
2021-06-17 16:09,2021,Falcon 9,Space Launch Complex 40,1,131
2021-06-30 19:31,2021,Falcon 9,Space Launch Complex 40,1,132
2021-08-29 07:14,2021,Falcon 9,Launch Complex 39A,1,133
2021-09-14 03:55,2021,Falcon 9,Space Launch Complex 4E,1,134
2021-09-16 00:02,2021,Falcon 9,Launch Complex 39A,1,135
2021-11-11 02:03,2021,Falcon 9,Launch Complex 39A,1,136
2021-11-13 12:40,2021,Falcon 9,Space Launch Complex 40,1,137
2021-11-24 06:20,2021,Falcon 9,Space Launch Complex 4E,1,138
2021-12-01 23:20,2021,Falcon 9,Space Launch Complex 40,1,139
2021-12-09 06:00,2021,Falcon 9,Launch Complex 39A,1,140
2021-12-18 12:41,2021,Falcon 9,Space Launch Complex 4E,1,141
2021-12-19 03:58,2021,Falcon 9,Space Launch Complex 40,1,142
2021-12-21 10:06,2021,Falcon 9,Launch Complex 39A,1,143
2022-01-06 21:49,2022,Falcon 9,Launch Complex 39A,1,144
2022-01-13 15:25,2022,Falcon 9,Space Launch Complex 40,1,145
2022-01-19 00:04,2022,Falcon 9,Launch Complex 39A,1,146
2022-01-31 23:11,2022,Falcon 9,Space Launch Complex 40,1,147
2022-02-02 20:18,2022,Falcon 9,Space Launch Complex 4E,1,148
2022-02-03 18:13,2022,Falcon 9,Launch Complex 39A,1,149
2022-02-21 14:44,2022,Falcon 9,Space Launch Complex 40,1,150
2022-02-25 17:12,2022,Falcon 9,Space Launch Complex 4E,1,151
2022-03-03 14:35,2022,Falcon 9,Launch Complex 39A,1,152
2022-03-09 13:45,2022,Falcon 9,Space Launch Complex 40,1,153
2022-03-19 03:24,2022,Falcon 9,Space Launch Complex 40,1,154
2022-04-01 16:24,2022,Falcon 9,Space Launch Complex 40,1,155
2022-04-08 15:17,2022,Falcon 9,Launch Complex 39A,1,156
2022-04-17 13:13,2022,Falcon 9,Space Launch Complex 4E,1,157
2022-04-21 15:16,2022,Falcon 9,Space Launch Complex 40,1,158
2022-04-27 07:52,2022,Falcon 9,Launch Complex 39A,1,159
2022-04-29 21:27,2022,Falcon 9,Space Launch Complex 40,1,160
2022-05-06 09:42,2022,Falcon 9,Launch Complex 39A,1,161
2022-05-13 22:07,2022,Falcon 9,Space Launch Complex 4E,1,162
2022-05-14 20:40,2022,Falcon 9,Space Launch Complex 40,1,163
2022-05-18 10:40,2022,Falcon 9,Launch Complex 39A,1,164
2022-05-25 18:27,2022,Falcon 9,Space Launch Complex 40,1,165
2022-06-08 21:04,2022,Falcon 9,Space Launch Complex 40,1,166
2022-06-01 17:08,2022,Falcon 9,Launch Complex 39A,1,167
2022-06-18 14:19,2022,Falcon 9,Space Launch Complex 4E,1,168
2022-06-19 04:27,2022,Falcon 9,Space Launch Complex 40,1,169
2022-06-29 21:04,2022,Falcon 9,Space Launch Complex 40,1,170
2022-07-07 13:11,2022,Falcon 9,Space Launch Complex 40,1,171
2022-07-11 01:39,2022,Falcon 9,Space Launch Complex 4E,-1,172
2022-07-15 00:44,2022,Falcon 9,Launch Complex 39A,1,173
2022-07-17 14:50,2022,Falcon 9,Space Launch Complex 40,1,174
2022-07-21 17:13,2022,Falcon 9,Space Launch Complex 4E,1,175
2022-07-24 00:00,2022,Falcon 9,Space Launch Complex 40,1,176
2022-08-04 23:08,2022,Falcon 9,Space Launch Complex 40,1,177
2022-08-09 22:57,2022,Falcon 9,Launch Complex 39A,1,178
2022-08-12 21:30,2022,Falcon 9,Space Launch Complex 4E,1,179
2022-08-19 19:24,2022,Falcon 9,Space Launch Complex 40,1,180
2022-08-28 02:22,2022,Falcon 9,Launch Complex 39A,1,181
2022-08-31 05:40,2022,Falcon 9,Space Launch Complex 4E,1,182
2022-09-05 02:09,2022,Falcon 9,Space Launch Complex 40,1,183
2022-09-11 01:10,2022,Falcon 9,Launch Complex 39A,1,184
2022-09-17 01:05,2022,Falcon 9,Space Launch Complex 40,1,185
2022-09-24 23:30,2022,Falcon 9,Space Launch Complex 40,1,186
2022-10-05 16:00,2022,Falcon 9,Launch Complex 39A,1,187
2022-10-20 14:50,2022,Falcon 9,Space Launch Complex 40,-1,188
2022-10-08 23:05,2022,Falcon 9,Space Launch Complex 40,-1,189
2022-10-15 05:22,2022,Falcon 9,Space Launch Complex 40,-1,190
2022-11-01 13:41,2022,Falcon Heavy,Launch Complex 39A,1,191
2022-11-03 05:22,2022,Falcon 9 Block 5,Space Launch Complex 40,1,192
2022-11-12 16:06,2022,Falcon 9 Block 5,Space Launch Complex 40,1,193
2022-11-23 02:57,2022,Falcon 9 Block 5,Space Launch Complex 40,1,194
2022-11-26 19:20,2022,Falcon 9 Block 5,Launch Complex 39A,1,195
2022-12-08 22:27,2022,Falcon 9 Block 5,Launch Complex 39A,1,196
2022-12-11 07:38,2022,Falcon 9 Block 5,Space Launch Complex 40,1,197
2022-12-16 11:46,2022,Falcon 9 Block 5,Space Launch Complex 4E,1,198
2022-12-16 22:48,2022,Falcon 9 Block 5,Space Launch Complex 40,1,199
2022-12-17 21:32,2022,Falcon 9 Block 5,Launch Complex 39A,1,200
2022-12-28 09:34,2022,Falcon 9 Block 5,Space Launch Complex 40,1,201
2022-12-30 07:38,2022,Falcon 9 Block 5,Space Launch Complex 4E,1,202
2023-01-03 14:55,2023,Falcon 9 Block 5,Space Launch Complex 40,1,203
2023-01-10 04:50,2023,Falcon 9 Block 5,Space Launch Complex 40,1,204
2023-01-15 22:56,2023,Falcon Heavy,Launch Complex 39A,1,205
2023-01-18 12:24,2023,Falcon 9 Block 5,Space Launch Complex 40,1,206
2023-01-19 15:43,2023,Falcon 9 Block 5,Space Launch Complex 4E,1,207
2023-01-26 09:32,2023,Falcon 9 Block 5,Space Launch Complex 40,1,208
2023-01-31 16:15,2023,Falcon 9 Block 5,Space Launch Complex 4E,1,209
2023-02-02 07:58,2023,Falcon 9 Block 5,Launch Complex 39A,1,210
2023-02-07 01:32,2023,Falcon 9 Block 5,Space Launch Complex 40,1,211
2023-02-12 05:10,2023,Falcon 9 Block 5,Space Launch Complex 40,1,212
2023-02-17 19:12,2023,Falcon 9 Block 5,Space Launch Complex 4E,1,213
2023-02-18 03:59,2023,Falcon 9 Block 5,Space Launch Complex 40,1,214
2023-02-27 23:13,2023,Falcon 9 Block 5,Space Launch Complex 40,1,215
2023-03-02 05:34,2023,Falcon 9 Block 5,Launch Complex 39A,1,216
2023-03-03 18:38,2023,Falcon 9 Block 5,Space Launch Complex 4E,1,217
2023-03-09 19:13,2023,Falcon 9 Block 5,Space Launch Complex 40,1,218
2023-03-15 00:30,2023,Falcon 9 Block 5,Launch Complex 39A,1,219
2023-03-17 19:26,2023,Falcon 9 Block 5,Space Launch Complex 4E,1,220
2023-03-17 23:38,2023,Falcon 9 Block 5,Space Launch Complex 40,1,221
2023-03-24 15:43,2023,Falcon 9 Block 5,Space Launch Complex 40,1,222
2023-03-29 20:01,2023,Falcon 9 Block 5,Space Launch Complex 40,1,223
2023-04-02 14:29,2023,Falcon 9 Block 5,Space Launch Complex 4E,1,224
2023-04-07 04:30,2023,Falcon 9 Block 5,Space Launch Complex 40,1,225
2023-04-15 06:47,2023,Falcon 9 Block 5,Space Launch Complex 4E,1,226
2023-04-19 14:31,2023,Falcon 9 Block 5,Space Launch Complex 40,1,227
2023-04-20 13:33,2023,Starship,Orbital Launch Pad 1,0,228
2023-04-27 13:40,2023,Falcon 9 Block 5,Space Launch Complex 4E,1,229
2023-04-28 22:12,2023,Falcon 9 Block 5,Space Launch Complex 40,1,230
2023-05-01 00:26,2023,Falcon Heavy,Launch Complex 39A,1,231
2023-05-04 07:31,2023,Falcon 9 Block 5,Space Launch Complex 40,1,232
2023-05-10 20:09,2023,Falcon 9 Block 5,Space Launch Complex 4E,1,233
2023-05-14 05:03,2023,Falcon 9 Block 5,Space Launch Complex 40,1,234
2023-05-19 06:19,2023,Falcon 9 Block 5,Space Launch Complex 40,1,235
2023-05-20 13:16,2023,Falcon 9 Block 5,Space Launch Complex 4E,1,236
2023-05-21 21:37,2023,Falcon 9 Block 5,Launch Complex 39A,1,237
2023-05-27 04:30,2023,Falcon 9 Block 5,Space Launch Complex 40,1,238
2023-05-31 06:02,2023,Falcon 9 Block 5,Space Launch Complex 4E,1,239
2023-06-04 12:20,2023,Falcon 9 Block 5,Space Launch Complex 40,1,240
2023-06-05 15:47,2023,Falcon 9 Block 5,Launch Complex 39A,1,241
2023-06-12 07:10,2023,Falcon 9 Block 5,Space Launch Complex 40,1,242
2023-06-12 21:35,2023,Falcon 9 Block 5,Space Launch Complex 4E,1,243
2023-06-18 22:21,2023,Falcon 9 Block 5,Space Launch Complex 40,1,244
2023-06-22 07:19,2023,Falcon 9 Block 5,Space Launch Complex 4E,1,245
2023-06-23 15:35,2023,Falcon 9 Block 5,Space Launch Complex 40,1,246
2023-07-01 15:12,2023,Falcon 9 Block 5,Space Launch Complex 40,1,247
2023-07-07 19:29,2023,Falcon 9 Block 5,Space Launch Complex 4E,1,248
2023-07-10 03:58,2023,Falcon 9 Block 5,Space Launch Complex 40,1,249
2023-07-16 03:50,2023,Falcon 9 Block 5,Space Launch Complex 40,1,250
2023-07-20 04:09,2023,Falcon 9 Block 5,Space Launch Complex 4E,1,251
2023-07-24 00:50,2023,Falcon 9 Block 5,Space Launch Complex 40,1,252
2023-07-28 04:01,2023,Falcon 9 Block 5,Space Launch Complex 40,1,253
2023-07-29 03:04,2023,Falcon Heavy,Launch Complex 39A,1,254
2023-08-03 05:00,2023,Falcon 9 Block 5,Space Launch Complex 40,1,255
2023-08-07 02:41,2023,Falcon 9 Block 5,Space Launch Complex 40,1,256
2023-08-08 03:57,2023,Falcon 9 Block 5,Space Launch Complex 4E,1,257
2023-08-11 05:17,2023,Falcon 9 Block 5,Space Launch Complex 40,1,258
2023-08-17 03:36,2023,Falcon 9 Block 5,Space Launch Complex 40,1,259
2023-08-22 09:37,2023,Falcon 9 Block 5,Space Launch Complex 4E,1,260
2023-08-26 07:27,2023,Falcon 9 Block 5,Launch Complex 39A,1,261
2023-08-27 01:05,2023,Falcon 9 Block 5,Space Launch Complex 40,1,262
2023-09-01 02:21,2023,Falcon 9 Block 5,Space Launch Complex 40,1,263
2023-09-02 14:25,2023,Falcon 9 Block 5,Space Launch Complex 4E,1,264
2023-09-04 02:47,2023,Falcon 9 Block 5,Launch Complex 39A,1,265
2023-09-09 03:12,2023,Falcon 9 Block 5,Space Launch Complex 40,1,266
2023-09-12 06:57,2023,Falcon 9 Block 5,Space Launch Complex 4E,1,267
2023-09-16 03:38,2023,Falcon 9 Block 5,Space Launch Complex 40,1,268
2023-09-20 03:38,2023,Falcon 9 Block 5,Space Launch Complex 40,1,269
2023-09-24 03:38,2023,Falcon 9 Block 5,Space Launch Complex 40,1,270
2023-09-25 08:48,2023,Falcon 9 Block 5,Space Launch Complex 4E,1,271
2023-09-30 02:00,2023,Falcon 9 Block 5,Space Launch Complex 40,1,272
2023-10-05 05:36,2023,Falcon 9 Block 5,Space Launch Complex 40,1,273
2023-10-09 07:43,2023,Falcon 9 Block 5,Space Launch Complex 4E,1,274
2023-10-13 14:19,2023,Falcon Heavy,Launch Complex 39A,1,275
2023-10-13 23:01,2023,Falcon 9 Block 5,Space Launch Complex 40,1,276
2023-10-18 00:39,2023,Falcon 9 Block 5,Space Launch Complex 40,1,277
2023-10-21 08:23,2023,Falcon 9 Block 5,Space Launch Complex 4E,1,278
2023-10-22 02:17,2023,Falcon 9 Block 5,Space Launch Complex 40,1,279
2023-10-29 09:00,2023,Falcon 9 Block 5,Space Launch Complex 4E,1,280
2023-10-30 23:20,2023,Falcon 9 Block 5,Space Launch Complex 40,1,281
2023-11-04 00:37,2023,Falcon 9 Block 5,Space Launch Complex 40,1,282
2023-11-08 05:05,2023,Falcon 9 Block 5,Space Launch Complex 40,1,283
2023-11-10 01:28,2023,Falcon 9 Block 5,Launch Complex 39A,1,284
2023-11-11 18:49,2023,Falcon 9 Block 5,Space Launch Complex 4E,1,285
2023-11-12 21:08,2023,Falcon 9 Block 5,Space Launch Complex 40,1,286
2023-11-18 05:05,2023,Falcon 9 Block 5,Space Launch Complex 40,1,287
2023-11-18 13:02,2023,Starship,Orbital Launch Pad 1,0,288
2023-11-20 10:30,2023,Falcon 9 Block 5,Space Launch Complex 4E,1,289
2023-11-22 07:47,2023,Falcon 9 Block 5,Space Launch Complex 40,1,290
2023-11-28 04:20,2023,Falcon 9 Block 5,Space Launch Complex 40,1,291
2023-12-01 18:19,2023,Falcon 9 Block 5,Space Launch Complex 4E,1,292
2023-12-03 04:00,2023,Falcon 9 Block 5,Space Launch Complex 40,1,293
2023-12-07 05:07,2023,Falcon 9 Block 5,Space Launch Complex 40,1,294
2023-12-08 08:03,2023,Falcon 9 Block 5,Space Launch Complex 4E,1,295
2023-12-19 04:01,2023,Falcon 9 Block 5,Space Launch Complex 40,1,296
2023-12-23 05:33,2023,Falcon 9 Block 5,Space Launch Complex 40,1,297
2023-12-24 13:11,2023,Falcon 9 Block 5,Space Launch Complex 4E,1,298
2023-12-29 01:07,2023,Falcon Heavy,Launch Complex 39A,1,299
2023-12-29 04:01,2023,Falcon 9 Block 5,Space Launch Complex 40,1,300
2024-01-03 03:44,2024,Falcon 9 Block 5,Space Launch Complex 4E,1,301
2024-01-03 23:04,2024,Falcon 9 Block 5,Space Launch Complex 40,1,302
2024-01-07 22:35,2024,Falcon 9 Block 5,Space Launch Complex 40,1,303
2024-01-14 08:59,2024,Falcon 9 Block 5,Space Launch Complex 4E,1,304
2024-01-15 01:52,2024,Falcon 9 Block 5,Space Launch Complex 40,1,305
2024-01-18 21:49,2024,Falcon 9 Block 5,Launch Complex 39A,1,306
2024-01-24 00:35,2024,Falcon 9 Block 5,Space Launch Complex 4E,1,307
2024-01-29 01:10,2024,Falcon 9 Block 5,Launch Complex 39A,1,308
2024-01-29 05:57,2024,Falcon 9 Block 5,Space Launch Complex 4E,1,309
2024-01-30 17:07,2024,Falcon 9 Block 5,Space Launch Complex 40,1,310
2024-02-08 06:33,2024,Falcon 9 Block 5,Space Launch Complex 40,1,311
2024-02-10 00:34,2024,Falcon 9 Block 5,Space Launch Complex 4E,1,312
2024-02-14 22:30,2024,Falcon 9 Block 5,Space Launch Complex 40,1,313
2024-02-15 06:05,2024,Falcon 9 Block 5,Launch Complex 39A,1,314
2024-02-15 21:34,2024,Falcon 9 Block 5,Space Launch Complex 4E,1,315
2024-02-20 20:11,2024,Falcon 9 Block 5,Space Launch Complex 40,1,316
2024-02-23 04:11,2024,Falcon 9 Block 5,Space Launch Complex 4E,1,317
2024-02-25 22:06,2024,Falcon 9 Block 5,Space Launch Complex 40,1,318
2024-02-29 15:30,2024,Falcon 9 Block 5,Space Launch Complex 40,1,319
2024-03-04 03:53,2024,Falcon 9 Block 5,Launch Complex 39A,1,320
2024-03-04 22:05,2024,Falcon 9 Block 5,Space Launch Complex 4E,1,321
2024-03-04 23:56,2024,Falcon 9 Block 5,Space Launch Complex 40,1,322
2024-03-10 23:05,2024,Falcon 9 Block 5,Space Launch Complex 40,1,323
2024-03-11 04:09,2024,Falcon 9 Block 5,Space Launch Complex 4E,1,324
2024-03-14 13:25,2024,Starship,Orbital Launch Pad 1,1,325
2024-03-16 00:21,2024,Falcon 9 Block 5,Launch Complex 39A,1,326
2024-03-19 02:28,2024,Falcon 9 Block 5,Space Launch Complex 4E,1,327
2024-03-21 20:55,2024,Falcon 9 Block 5,Space Launch Complex 40,1,328
2024-03-24 03:09,2024,Falcon 9 Block 5,Launch Complex 39A,1,329
2024-03-25 23:42,2024,Falcon 9 Block 5,Space Launch Complex 40,1,330
2024-03-30 21:52,2024,Falcon 9 Block 5,Launch Complex 39A,1,331
2024-03-31 01:30,2024,Falcon 9 Block 5,Space Launch Complex 40,1,332
2024-04-02 02:30,2024,Falcon 9 Block 5,Space Launch Complex 4E,1,333
2024-04-05 09:12,2024,Falcon 9 Block 5,Space Launch Complex 40,1,334
2024-04-07 02:25,2024,Falcon 9 Block 5,Space Launch Complex 4E,1,335
2024-04-07 23:16,2024,Falcon 9 Block 5,Launch Complex 39A,1,336
2024-04-10 05:40,2024,Falcon 9 Block 5,Space Launch Complex 40,1,337
2024-04-11 14:25,2024,Falcon 9 Block 5,Space Launch Complex 4E,1,338
2024-04-13 01:40,2024,Falcon 9 Block 5,Space Launch Complex 40,1,339
2024-04-17 21:26,2024,Falcon 9 Block 5,Launch Complex 39A,1,340
2024-04-18 22:40,2024,Falcon 9 Block 5,Space Launch Complex 40,1,341
2024-04-23 22:17,2024,Falcon 9 Block 5,Space Launch Complex 40,1,342
2024-04-28 00:34,2024,Falcon 9 Block 5,Launch Complex 39A,1,343
2024-04-28 22:08,2024,Falcon 9 Block 5,Space Launch Complex 40,1,344
2024-05-02 18:36,2024,Falcon 9 Block 5,Space Launch Complex 4E,1,345
2024-05-03 02:37,2024,Falcon 9 Block 5,Space Launch Complex 40,1,346
2024-05-06 18:14,2024,Falcon 9 Block 5,Space Launch Complex 40,1,347
2024-05-08 18:42,2024,Falcon 9 Block 5,Launch Complex 39A,1,348
2024-05-10 04:30,2024,Falcon 9 Block 5,Space Launch Complex 4E,1,349
2024-05-13 00:53,2024,Falcon 9 Block 5,Space Launch Complex 40,1,350
2024-05-14 18:39,2024,Falcon 9 Block 5,Space Launch Complex 4E,1,351
2024-05-18 00:32,2024,Falcon 9 Block 5,Space Launch Complex 40,1,352
2024-05-22 08:00,2024,Falcon 9 Block 5,Space Launch Complex 4E,1,353
2024-05-23 02:35,2024,Falcon 9 Block 5,Space Launch Complex 40,1,354
2024-05-24 02:45,2024,Falcon 9 Block 5,Launch Complex 39A,1,355
2024-05-28 14:24,2024,Falcon 9 Block 5,Space Launch Complex 40,1,356
2024-05-28 22:20,2024,Falcon 9 Block 5,Space Launch Complex 4E,1,357
2024-06-01 02:37,2024,Falcon 9 Block 5,Space Launch Complex 40,1,358
2024-06-05 02:16,2024,Falcon 9 Block 5,Space Launch Complex 40,1,359
2024-06-06 12:50,2024,Starship,Orbital Launch Pad 1,1,360
2024-06-08 01:56,2024,Falcon 9 Block 5,Space Launch Complex 40,1,361
2024-06-08 12:58,2024,Falcon 9 Block 5,Space Launch Complex 4E,1,362
2024-06-19 03:40,2024,Falcon 9 Block 5,Space Launch Complex 4E,1,363
2024-06-20 21:35,2024,Falcon 9 Block 5,Space Launch Complex 40,1,364
2024-06-23 17:15,2024,Falcon 9 Block 5,Space Launch Complex 40,1,365
2024-06-24 03:47,2024,Falcon 9 Block 5,Space Launch Complex 4E,1,366
2024-06-25 21:26,2024,Falcon Heavy,Launch Complex 39A,1,367
2024-06-27 11:14,2024,Falcon 9 Block 5,Space Launch Complex 40,1,368
2024-06-29 03:14,2024,Falcon 9 Block 5,Space Launch Complex 4E,1,369
2024-07-03 08:55,2024,Falcon 9 Block 5,Space Launch Complex 40,1,370
2024-07-08 23:30,2024,Falcon 9 Block 5,Space Launch Complex 40,1,371
2024-07-12 02:35,2024,Falcon 9 Block 5,Space Launch Complex 4E,0,372
2024-07-27 05:45,2024,Falcon 9 Block 5,Launch Complex 39A,1,373
2024-07-28 05:09,2024,Falcon 9 Block 5,Space Launch Complex 40,1,374
2024-07-28 09:22,2024,Falcon 9 Block 5,Space Launch Complex 4E,1,375
2024-08-02 05:01,2024,Falcon 9 Block 5,Launch Complex 39A,1,376
2024-08-04 07:24,2024,Falcon 9 Block 5,Space Launch Complex 4E,1,377
2024-08-04 15:02,2024,Falcon 9 Block 5,Space Launch Complex 40,1,378
2024-08-10 12:50,2024,Falcon 9 Block 5,Space Launch Complex 40,1,379
2024-08-12 02:02,2024,Falcon 9 Block 5,Space Launch Complex 4E,1,380
2024-08-12 10:37,2024,Falcon 9 Block 5,Launch Complex 39A,1,381
2024-08-15 13:00,2024,Falcon 9 Block 5,Space Launch Complex 40,1,382
2024-08-16 18:56,2024,Falcon 9 Block 5,Space Launch Complex 4E,1,383
2024-08-20 13:20,2024,Falcon 9 Block 5,Space Launch Complex 40,1,384
2024-08-28 07:48,2024,Falcon 9 Block 5,Space Launch Complex 40,1,385
2024-08-31 07:43,2024,Falcon 9 Block 5,Space Launch Complex 40,1,386
2024-08-31 08:48,2024,Falcon 9 Block 5,Space Launch Complex 4E,1,387
2024-09-05 15:33,2024,Falcon 9 Block 5,Space Launch Complex 40,1,388
2024-09-06 03:20,2024,Falcon 9 Block 5,Space Launch Complex 4E,1,389
2024-09-10 09:23,2024,Falcon 9 Block 5,Launch Complex 39A,1,390
2024-09-12 08:52,2024,Falcon 9 Block 5,Space Launch Complex 40,1,391
2024-09-13 01:45,2024,Falcon 9 Block 5,Space Launch Complex 4E,1,392
2024-09-17 22:50,2024,Falcon 9 Block 5,Space Launch Complex 40,1,393
2024-09-20 13:50,2024,Falcon 9 Block 5,Space Launch Complex 4E,1,394
2024-09-25 04:01,2024,Falcon 9 Block 5,Space Launch Complex 4E,1,395
2024-09-28 17:17,2024,Falcon 9 Block 5,Space Launch Complex 40,1,396
2024-10-07 14:52,2024,Falcon 9 Block 5,Space Launch Complex 40,1,397
2024-10-13 12:25,2024,Starship,Orbital Launch Pad 1,1,398
2024-10-14 16:06,2024,Falcon Heavy,Launch Complex 39A,1,399
2024-10-15 06:10,2024,Falcon 9 Block 5,Space Launch Complex 40,1,400
2024-10-15 08:21,2024,Falcon 9 Block 5,Space Launch Complex 4E,1,401
2024-10-18 23:31,2024,Falcon 9 Block 5,Space Launch Complex 40,1,402
2024-10-20 05:13,2024,Falcon 9 Block 5,Space Launch Complex 4E,1,403
2024-10-23 21:47,2024,Falcon 9 Block 5,Space Launch Complex 40,1,404
2024-10-24 17:14,2024,Falcon 9 Block 5,Space Launch Complex 4E,1,405
2024-10-26 21:47,2024,Falcon 9 Block 5,Space Launch Complex 40,1,406
2024-10-30 12:07,2024,Falcon 9 Block 5,Space Launch Complex 4E,1,407
2024-10-30 21:10,2024,Falcon 9 Block 5,Space Launch Complex 40,1,408
2024-11-05 02:29,2024,Falcon 9 Block 5,Launch Complex 39A,1,409
2024-11-07 20:19,2024,Falcon 9 Block 5,Space Launch Complex 40,1,410
2024-11-09 06:14,2024,Falcon 9 Block 5,Space Launch Complex 4E,1,411
2024-11-11 17:22,2024,Falcon 9 Block 5,Launch Complex 39A,1,412
2024-11-11 21:28,2024,Falcon 9 Block 5,Space Launch Complex 40,1,413
2024-11-14 05:23,2024,Falcon 9 Block 5,Space Launch Complex 4E,1,414
2024-11-14 13:21,2024,Falcon 9 Block 5,Space Launch Complex 40,1,415
2024-11-17 22:28,2024,Falcon 9 Block 5,Launch Complex 39A,1,416
2024-11-18 05:53,2024,Falcon 9 Block 5,Space Launch Complex 4E,1,417
2024-11-18 18:31,2024,Falcon 9 Block 5,Space Launch Complex 40,1,418
2024-11-19 22:00,2024,Starship,Orbital Launch Pad 1,1,419
2024-11-21 16:07,2024,Falcon 9 Block 5,Space Launch Complex 40,1,420
2024-11-24 05:25,2024,Falcon 9 Block 5,Space Launch Complex 4E,1,421
2024-11-25 10:02,2024,Falcon 9 Block 5,Space Launch Complex 40,1,422
2024-11-27 04:41,2024,Falcon 9 Block 5,Launch Complex 39A,1,423
2024-11-30 05:00,2024,Falcon 9 Block 5,Space Launch Complex 40,1,424
2024-11-30 08:10,2024,Falcon 9 Block 5,Space Launch Complex 4E,1,425
2024-12-04 10:13,2024,Falcon 9 Block 5,Space Launch Complex 40,1,426
2024-12-05 03:05,2024,Falcon 9 Block 5,Space Launch Complex 4E,1,427
2024-12-05 16:10,2024,Falcon 9 Block 5,Launch Complex 39A,1,428
2024-12-08 05:12,2024,Falcon 9 Block 5,Space Launch Complex 40,1,429
2024-12-13 21:55,2024,Falcon 9 Block 5,Space Launch Complex 4E,1,430
2024-12-17 00:52,2024,Falcon 9 Block 5,Space Launch Complex 40,1,431
2024-12-17 13:19,2024,Falcon 9 Block 5,Space Launch Complex 4E,1,432
2024-12-17 22:26,2024,Falcon 9 Block 5,Launch Complex 39A,1,433
2024-12-21 11:34,2024,Falcon 9 Block 5,Space Launch Complex 4E,1,434
2024-12-23 05:35,2024,Falcon 9 Block 5,Launch Complex 39A,1,435
2024-12-29 01:58,2024,Falcon 9 Block 5,Space Launch Complex 4E,1,436
2024-12-29 05:00,2024,Falcon 9 Block 5,Space Launch Complex 40,1,437
2024-12-31 05:39,2024,Falcon 9 Block 5,Launch Complex 39A,1,438
2025-01-04 01:27,2025,Falcon 9 Block 5,Space Launch Complex 40,1,439
2025-01-06 20:43,2025,Falcon 9 Block 5,Space Launch Complex 40,1,440
2025-01-08 15:27,2025,Falcon 9 Block 5,Launch Complex 39A,1,441
2025-01-10 03:53,2025,Falcon 9 Block 5,Space Launch Complex 4E,1,442
2025-01-10 19:11,2025,Falcon 9 Block 5,Space Launch Complex 40,1,443
2025-01-13 16:47,2025,Falcon 9 Block 5,Space Launch Complex 40,1,444
2025-01-14 19:09,2025,Falcon 9 Block 5,Space Launch Complex 4E,1,445
2025-01-15 06:11,2025,Falcon 9 Block 5,Launch Complex 39A,1,446
2025-01-16 22:37,2025,Starship,Orbital Launch Pad 1,0,447
2025-01-21 05:24,2025,Falcon 9 Block 5,Launch Complex 39A,1,448
2025-01-21 15:45,2025,Falcon 9 Block 5,Space Launch Complex 4E,1,449
2025-01-24 14:07,2025,Falcon 9 Block 5,Space Launch Complex 4E,1,450
2025-01-27 22:05,2025,Falcon 9 Block 5,Space Launch Complex 40,1,451
2025-01-30 01:34,2025,Falcon 9 Block 5,Launch Complex 39A,1,452
2025-02-01 23:02,2025,Falcon 9 Block 5,Space Launch Complex 4E,1,453
2025-02-04 10:15,2025,Falcon 9 Block 5,Space Launch Complex 40,1,454
2025-02-04 23:13,2025,Falcon 9 Block 5,Launch Complex 39A,1,455
2025-02-08 19:18,2025,Falcon 9 Block 5,Space Launch Complex 40,1,456
2025-02-11 02:09,2025,Falcon 9 Block 5,Space Launch Complex 4E,1,457
2025-02-11 18:53,2025,Falcon 9 Block 5,Space Launch Complex 40,1,458
2025-02-15 06:14,2025,Falcon 9 Block 5,Space Launch Complex 40,1,459
2025-02-18 23:21,2025,Falcon 9 Block 5,Space Launch Complex 40,1,460
2025-02-21 15:19,2025,Falcon 9 Block 5,Space Launch Complex 40,1,461
2025-02-23 01:38,2025,Falcon 9 Block 5,Space Launch Complex 4E,1,462
2025-02-27 00:16,2025,Falcon 9 Block 5,Launch Complex 39A,1,463
2025-02-27 03:34,2025,Falcon 9 Block 5,Space Launch Complex 40,1,464
2025-03-03 02:24,2025,Falcon 9 Block 5,Space Launch Complex 40,1,465
2025-03-06 23:30,2025,Starship,Orbital Launch Pad 1,0,466
2025-03-12 03:10,2025,Falcon 9 Block 5,Space Launch Complex 4E,1,467
2025-03-13 02:35,2025,Falcon 9 Block 5,Space Launch Complex 40,1,468
2025-03-14 23:03,2025,Falcon 9 Block 5,Launch Complex 39A,1,469
2025-03-15 06:43,2025,Falcon 9 Block 5,Space Launch Complex 4E,1,470
2025-03-15 11:35,2025,Falcon 9 Block 5,Space Launch Complex 40,1,471
2025-03-18 19:57,2025,Falcon 9 Block 5,Space Launch Complex 40,1,472
2025-03-21 06:49,2025,Falcon 9 Block 5,Space Launch Complex 4E,1,473
2025-03-24 17:48,2025,Falcon 9 Block 5,Space Launch Complex 40,1,474
2025-03-26 22:11,2025,Falcon 9 Block 5,Space Launch Complex 4E,1,475
2025-03-31 19:52,2025,Falcon 9 Block 5,Space Launch Complex 40,1,476
2025-04-01 01:46,2025,Falcon 9 Block 5,Launch Complex 39A,1,477
2025-04-04 01:02,2025,Falcon 9 Block 5,Space Launch Complex 4E,1,478
2025-04-06 03:07,2025,Falcon 9 Block 5,Space Launch Complex 40,1,479
2025-04-07 23:06,2025,Falcon 9 Block 5,Space Launch Complex 4E,1,480
2025-04-12 12:25,2025,Falcon 9 Block 5,Space Launch Complex 4E,1,481
2025-04-13 00:53,2025,Falcon 9 Block 5,Launch Complex 39A,1,482
2025-04-14 04:00,2025,Falcon 9 Block 5,Space Launch Complex 40,1,483
2025-04-20 12:29,2025,Falcon 9 Block 5,Space Launch Complex 4E,1,484
2025-04-21 08:15,2025,Falcon 9 Block 5,Launch Complex 39A,1,485
2025-04-22 00:48,2025,Falcon 9 Block 5,Space Launch Complex 40,1,486
2025-04-25 01:52,2025,Falcon 9 Block 5,Space Launch Complex 40,1,487
2025-04-28 02:09,2025,Falcon 9 Block 5,Space Launch Complex 40,1,488
2025-04-28 20:42,2025,Falcon 9 Block 5,Space Launch Complex 4E,1,489
2025-04-29 02:34,2025,Falcon 9 Block 5,Launch Complex 39A,1,490
2025-05-02 01:51,2025,Falcon 9 Block 5,Space Launch Complex 40,1,491
2025-05-04 08:54,2025,Falcon 9 Block 5,Launch Complex 39A,1,492
2025-05-07 01:17,2025,Falcon 9 Block 5,Space Launch Complex 40,1,493
2025-05-10 00:19,2025,Falcon 9 Block 5,Space Launch Complex 4E,1,494
2025-05-10 06:28,2025,Falcon 9 Block 5,Space Launch Complex 40,1,495
2025-05-13 01:15,2025,Falcon 9 Block 5,Space Launch Complex 4E,1,496
2025-05-13 05:02,2025,Falcon 9 Block 5,Launch Complex 39A,1,497
2025-05-14 16:38,2025,Falcon 9 Block 5,Space Launch Complex 40,1,498
2025-05-16 13:43,2025,Falcon 9 Block 5,Space Launch Complex 4E,1,499
2025-05-21 03:19,2025,Falcon 9 Block 5,Space Launch Complex 40,1,500
2025-05-23 22:32,2025,Falcon 9 Block 5,Space Launch Complex 4E,1,501
2025-05-24 17:19,2025,Falcon 9 Block 5,Space Launch Complex 40,1,502
2025-05-27 16:57,2025,Falcon 9 Block 5,Space Launch Complex 4E,1,503
2025-05-27 23:36,2025,Starship,Orbital Launch Pad 1,0,504
2025-05-28 13:30,2025,Falcon 9 Block 5,Launch Complex 39A,1,505
2025-05-30 17:37,2025,Falcon 9 Block 5,Space Launch Complex 40,1,506
2025-05-31 20:10,2025,Falcon 9 Block 5,Space Launch Complex 4E,1,507
2025-06-03 04:43,2025,Falcon 9 Block 5,Space Launch Complex 40,1,508
2025-06-04 23:40,2025,Falcon 9 Block 5,Space Launch Complex 4E,1,509
2025-06-07 04:54,2025,Falcon 9 Block 5,Space Launch Complex 40,1,510
2025-06-08 14:20,2025,Falcon 9 Block 5,Space Launch Complex 4E,1,511
2025-06-10 13:05,2025,Falcon 9 Block 5,Space Launch Complex 40,1,512
2025-06-13 01:54,2025,Falcon 9 Block 5,Space Launch Complex 4E,1,513
2025-06-13 15:29,2025,Falcon 9 Block 5,Space Launch Complex 40,1,514
2025-06-17 03:36,2025,Falcon 9 Block 5,Space Launch Complex 4E,1,515
2025-06-18 05:55,2025,Falcon 9 Block 5,Space Launch Complex 40,1,516
2025-06-23 05:58,2025,Falcon 9 Block 5,Space Launch Complex 40,1,517
2025-06-23 21:25,2025,Falcon 9 Block 5,Space Launch Complex 4E,1,518
2025-06-25 06:31,2025,Falcon 9 Block 5,Launch Complex 39A,1,519
2025-06-25 19:54,2025,Falcon 9 Block 5,Space Launch Complex 40,1,520
2025-06-28 04:26,2025,Falcon 9 Block 5,Space Launch Complex 40,1,521
2025-06-28 17:13,2025,Falcon 9 Block 5,Space Launch Complex 4E,1,522
2025-07-01 21:04,2025,Falcon 9 Block 5,Launch Complex 39A,1,523
2025-07-02 06:28,2025,Falcon 9 Block 5,Space Launch Complex 40,1,524
2025-07-08 08:21,2025,Falcon 9 Block 5,Space Launch Complex 40,1,525
2025-07-13 05:04,2025,Falcon 9 Block 5,Space Launch Complex 40,1,526
2025-07-16 02:05,2025,Falcon 9 Block 5,Space Launch Complex 4E,1,527
2025-07-16 06:30,2025,Falcon 9 Block 5,Space Launch Complex 40,1,528
2025-07-19 03:52,2025,Falcon 9 Block 5,Space Launch Complex 4E,1,529
2025-07-22 21:12,2025,Falcon 9 Block 5,Space Launch Complex 40,1,530
2025-07-23 18:13,2025,Falcon 9 Block 5,Space Launch Complex 4E,1,531
2025-07-26 09:01,2025,Falcon 9 Block 5,Space Launch Complex 40,1,532
2025-07-27 04:31,2025,Falcon 9 Block 5,Space Launch Complex 4E,1,533
2025-07-30 03:37,2025,Falcon 9 Block 5,Space Launch Complex 40,1,534
2025-07-31 18:35,2025,Falcon 9 Block 5,Space Launch Complex 4E,1,535
2025-08-01 15:43,2025,Falcon 9 Block 5,Launch Complex 39A,1,536
2025-08-04 07:57,2025,Falcon 9 Block 5,Space Launch Complex 40,1,537
2025-08-11 12:35,2025,Falcon 9 Block 5,Space Launch Complex 40,1,538
2025-08-14 05:05,2025,Falcon 9 Block 5,Space Launch Complex 4E,1,539
2025-08-14 12:29,2025,Falcon 9 Block 5,Space Launch Complex 40,1,540
2025-08-18 16:26,2025,Falcon 9 Block 5,Space Launch Complex 4E,1,541
2025-08-22 03:50,2025,Falcon 9 Block 5,Launch Complex 39A,1,542
2025-08-22 17:04,2025,Falcon 9 Block 5,Space Launch Complex 4E,1,543
2025-08-24 06:45,2025,Falcon 9 Block 5,Space Launch Complex 40,1,544
2025-08-26 18:53,2025,Falcon 9 Block 5,Space Launch Complex 4E,1,545
2025-08-26 23:30,2025,Starship,Orbital Launch Pad 1,1,546
2025-08-27 11:10,2025,Falcon 9 Block 5,Space Launch Complex 40,1,547
2025-08-28 08:12,2025,Falcon 9 Block 5,Launch Complex 39A,1,548
2025-08-30 04:59,2025,Falcon 9 Block 5,Space Launch Complex 4E,1,549
2025-08-31 11:49,2025,Falcon 9 Block 5,Space Launch Complex 40,1,550
2025-09-03 03:51,2025,Falcon 9 Block 5,Space Launch Complex 4E,1,551
2025-09-03 11:56,2025,Falcon 9 Block 5,Space Launch Complex 40,1,552
2025-09-05 12:32,2025,Falcon 9 Block 5,Launch Complex 39A,1,553
2025-09-06 18:06,2025,Falcon 9 Block 5,Space Launch Complex 4E,1,554
2025-09-10 14:12,2025,Falcon 9 Block 5,Space Launch Complex 4E,1,555
2025-09-12 01:56,2025,Falcon 9 Block 5,Space Launch Complex 40,1,556
2025-09-13 17:55,2025,Falcon 9 Block 5,Space Launch Complex 4E,1,557
2025-09-14 22:11,2025,Falcon 9 Block 5,Space Launch Complex 40,1,558
2025-09-18 09:30,2025,Falcon 9 Block 5,Space Launch Complex 40,1,559
2025-09-19 16:31,2025,Falcon 9 Block 5,Space Launch Complex 4E,1,560
2025-09-21 10:53,2025,Falcon 9 Block 5,Space Launch Complex 40,1,561
2025-09-22 17:38,2025,Falcon 9 Block 5,Space Launch Complex 4E,1,562
2025-09-24 11:30,2025,Falcon 9 Block 5,Launch Complex 39A,1,563
2025-09-25 08:39,2025,Falcon 9 Block 5,Space Launch Complex 40,1,564
2025-09-26 04:26,2025,Falcon 9 Block 5,Space Launch Complex 4E,1,565
2025-09-29 02:04,2025,Falcon 9 Block 5,Space Launch Complex 4E,1,566
2025-10-03 14:06,2025,Falcon 9 Block 5,Space Launch Complex 4E,1,567
2025-10-07 06:46,2025,Falcon 9 Block 5,Space Launch Complex 40,1,568
2025-10-08 03:54,2025,Falcon 9 Block 5,Space Launch Complex 4E,1,569
2025-10-13 23:23,2025,Starship,Orbital Launch Pad 1,1,570
2025-10-14 01:58,2025,Falcon 9 Block 5,Space Launch Complex 40,1,571
2025-10-15 23:06,2025,Falcon 9 Block 5,Space Launch Complex 4E,1,572
2025-10-16 09:27,2025,Falcon 9 Block 5,Space Launch Complex 40,1,573
2025-10-19 17:39,2025,Falcon 9 Block 5,Space Launch Complex 40,1,574
2025-10-19 19:24,2025,Falcon 9 Block 5,Space Launch Complex 4E,1,575
2025-10-22 14:16,2025,Falcon 9 Block 5,Space Launch Complex 4E,1,576
2025-10-24 01:30,2025,Falcon 9 Block 5,Space Launch Complex 40,1,577
2025-10-25 14:20,2025,Falcon 9 Block 5,Space Launch Complex 4E,1,578
2025-10-26 15:00,2025,Falcon 9 Block 5,Space Launch Complex 40,1,579
2025-10-28 00:43,2025,Falcon 9 Block 5,Space Launch Complex 4E,1,580
2025-10-29 16:35,2025,Falcon 9 Block 5,Space Launch Complex 40,1,581
2025-10-31 20:41,2025,Falcon 9 Block 5,Space Launch Complex 4E,1,582
2025-11-02 05:09,2025,Falcon 9 Block 5,Space Launch Complex 40,1,583
2025-11-06 01:31,2025,Falcon 9 Block 5,Space Launch Complex 40,1,584
2025-11-06 21:13,2025,Falcon 9 Block 5,Space Launch Complex 4E,1,585
2025-11-09 08:10,2025,Falcon 9 Block 5,Launch Complex 39A,1,586
2025-11-11 03:21,2025,Falcon 9 Block 5,Space Launch Complex 40,1,587
2025-11-15 03:08,2025,Falcon 9 Block 5,Launch Complex 39A,1,588
2025-11-15 06:44,2025,Falcon 9 Block 5,Space Launch Complex 40,1,589
2025-11-17 05:21,2025,Falcon 9 Block 5,Space Launch Complex 4E,1,590
2025-11-19 00:12,2025,Falcon 9 Block 5,Space Launch Complex 40,1,591
2025-11-21 03:39,2025,Falcon 9 Block 5,Launch Complex 39A,1,592
2025-11-22 07:53,2025,Falcon 9 Block 5,Space Launch Complex 40,1,593
2025-11-23 08:48,2025,Falcon 9 Block 5,Space Launch Complex 4E,1,594
2025-11-28 18:44,2025,Falcon 9 Block 5,Space Launch Complex 4E,1,595
2025-12-01 07:44,2025,Falcon 9 Block 5,Launch Complex 39A,1,596
2025-12-02 05:28,2025,Falcon 9 Block 5,Space Launch Complex 4E,1,597
2025-12-02 22:18,2025,Falcon 9 Block 5,Space Launch Complex 40,1,598
2025-12-04 20:42,2025,Falcon 9 Block 5,Space Launch Complex 4E,1,599
2025-12-07 17:58,2025,Falcon 9 Block 5,Space Launch Complex 4E,1,600
2025-12-08 22:26,2025,Falcon 9 Block 5,Launch Complex 39A,1,601
2025-12-09 19:16,2025,Falcon 9 Block 5,Space Launch Complex 40,1,602
2025-12-10 11:40,2025,Falcon 9 Block 5,Space Launch Complex 4E,1,603
2025-12-11 22:01,2025,Falcon 9 Block 5,Space Launch Complex 40,1,604
2025-12-14 05:49,2025,Falcon 9 Block 5,Space Launch Complex 4E,1,605
2025-12-15 05:25,2025,Falcon 9 Block 5,Space Launch Complex 40,1,606
2025-12-17 13:42,2025,Falcon 9 Block 5,Launch Complex 39A,1,607
2025-12-17 15:27,2025,Falcon 9 Block 5,Space Launch Complex 4E,1,608
